insert into FormConfiguration (FormConfigId, TableName,FormName, GridConfigId, RowId) Values 
('CatCountry', 'CatCountry', 'Country', 'GrdCatCountry', NewId()),
('CatState', 'CatState', 'State', 'GrdCatState', NEWID()),
('CatCity', 'CatCity', 'City', 'GrdCatCity' ,NEWID()),
('CatCurrency', 'CatCurrency', 'Currency', 'GrdCatCurrency' ,NEWID()),
('CatStateSearch', 'CatState', 'State Search', NULL ,NEWID()),
('CatCountrySearch', 'CatCountry', 'Country Search', NULL ,NEWID()),
('CatCitySearch', 'CatCity', 'City Search', NULL ,NEWID()),
('CatCurrencySearch', 'CatCurrency', 'Currency Search', NULL ,NEWID()),
('ProductCategory','ProductCategory','Product Category','GrdProductCategory',NEWID()),
('LedgerType','LedgerType','Ledger Type','GrdLedgerType',NEWID())


INSERT INTO GridConfiguration (GridConfigId, SearchConfigId, PageSize, Url, Method, Params,TableName, ColumnList) Values
	('GrdCatState','CatStateSearch',10,'/DynamicGrid/GrdCatState','post',null,'CatState','Name,Country' ),
	('GrdCatCity','CatCitySearch',10,'/DynamicGrid/GrdCatCity','post',null,'CatCity','Name,Country' ),
	('GrdCatCountry','CatCountrySearch',10,'/DynamicGrid/GrdCatCountry','post',null,'CatCountry','Name,Code' ),
	('GrdCatCurrency','CatCurrencySearch',10,'/DynamicGrid/GrdCatCurrency','post',null,'CatCurrency','Name,Code' ),
	('GrdProductCategory','CatCurrencySearch',10,'/DynamicGrid/GrdProductCategory','post',null,'ProductCategory','Name,Id,IsInventory' ),
	('GrdLedgerType','CatCurrencySearch',10,'/DynamicGrid/GrdLedgerType','post',null,'LedgerType',Null )

Insert into CatalogDictionary (CatalogId, TableName, DisplayColumn, ValueColumn,Condition) values
	('CatCountry', 'CatCountry', 'Name', 'Code',null),
	('CatCurrency', 'CatCurrency', 'Name', 'Code',null),
	('CatState', 'CatState', 'Name', 'Id',null),
	('CatCity', 'CatCity', 'Name', 'Id',null),
	('ProductCategory','ProductCategory','Name','Id',null),
	('AccountHead','CatCatalogs','DisplayColumn','ValueColumn',' CatalogId=''AccountHead'' ')
Insert into FormFieldConfiguration (FormConfigId,Name,Label,[Type],CatId,IsRequired,SearchOperator,IsPrimaryKey,IsAutoGenerated,IsUpdatable,[Sequence]) 
	values ('CatCountry','name','Name','text',null,1,Null,0,0,1,2),
	('CatCountry','code','Country Code','text',null,1,Null,1,0,0,1),
	('CatCurrency','name','Currency Name','text',null,1,Null,0,0,1,2),
	('CatCurrency','code','Currency Code','text',null,1,Null,1,0,0,1),
	('CatCity','id','','hidden',null,1,Null,1,1,1,0),
	('CatCity','name','City Name','text',null,1,Null,0,0,1,1),
	('CatCity','stateId','State','datacombo','CatState',1,Null,0,0,1,2),
	('CatState','id','','hidden',null,1,Null,1,1,1,0),
	('CatState','name','State Name','text',null,1,Null,0,0,1,1),
	('CatState','country','Country','datacombo','CatCountry',1,Null,0,0,1,2),
	('CatStateSearch','name','State Name','text',null,null,'Like',0,0,1,0),
	('CatStateSearch','country','Country','datacombo','CatCountry',null,'=',0,0,1,0),
	('CatCountrySearch','name','Country Name','text',null,null,'Like',0,0,1,0),
	('CatCountrySearch','code','Country Code','datacombo','CatCountry',null,'=',0,0,1,0),
	('CatCurrencySearch','name','Currency Name','datacombo','CatCurrency',1,Null,0,0,1,0),
	('CatCurrencySearch','code','Currency Code','text',null,1,Null,1,0,0,0),
	('CatCitySearch','name','City Name','text',null,1,Null,0,0,1,0),
	('CatCitySearch','stateId','State','datacombo','CatState',1,Null,0,0,1,0),
	('ProductCategory','name','Product Category','text',null,1,null,0,0,1,1),
	('ProductCategory','id','','hidden',null,1,null,1,1,1,0),
	('ProductCategory','isInventory','Maintain Inventory','checkbox',null,1,null,0,0,1,2),
	('LedgerType','code','Code','text',null,1,null,1,0,0,1),
 	('LedgerType','typeName','Account Type','text',NULL,1,NULL,0,0,1,2),
 	('LedgerType','accountType','Account Head','datacombo','AccountHead',1,NULL,0,0,1,3),
	('LedgerType','sequence','Sequence','text',NULL,1,NULL,0,0,1,4)

INSERT INTO SqlSourceConfiguration(GridConfigId,SqlQuery, SqlSourceType ) VALUES
	('GrdCatCity', 'select C.Id, C.Name, StateId, S.Name [StateName]  From CatCity C inner join CatState S on C.StateId = S.Id ',10),
	('GrdCatState', 'select S.Id, S.Name, S.Country, C.Name [CountryName] From CatState S inner join CatCountry C on S.Country = C.Code ',10),
	('GrdProductCategory', 'select Name,Id,IsInventory From ProductCategory ',10),
	('GrdLedgerType', 'SELECT Code,TypeName,AccountType,[Sequence], DisplayColumn ''AccountHead'' FROM LedgerType inner join catCatalogs on CatalogId=''AccountHead'' and ValueColumn = AccountType ',10)
Insert into GridColumnConfiguration ( GridConfigId,DataField,DataType,Header,Formatter,ColSpan,DefaultValue,CssClass,Sortable,SortOrder,Width,Align ) Values
 ('GrdCatCity','name','string','City Name',NULL,6,'',NULL,1,'Asc',NULL,'left'),
 ('GrdCatCity','stateName','string','State Name',NULL,6,'',NULL,1,'Asc',NULL,'left'),
 ('GrdCatCountry','code','string','Code',NULL,6,'',NULL,1,'Asc',NULL,'left'),
 ('GrdCatCountry','name','string','Country Name',NULL,6,'',NULL,1,'Asc',NULL,'left'),
 ('GrdCatCurrency','code','string','Code',NULL,6,'',NULL,1,'Asc',100,'left'),
 ('GrdCatCurrency','name','string','Currency Name',NULL,6,'',NULL,1,'Asc',150,'left'),
 ('GrdCatState','countryName','string','Country Name',NULL,6,'',NULL,1,'Asc',NULL,'left'),
 ('GrdCatState','name','string','State Name',NULL,6,'',NULL,1,'Asc',NULL,'left'),
 ('GrdProductCategory','isInventory','boolean','Maintain Inventory',NULL,6,'',NULL,1,'Asc',NULL,'left'),
 ('GrdProductCategory','name','string','Product Category',NULL,6,'',NULL,1,'Asc',NULL,'left'),
 ('GrdLedgerType','code','string','Code',NULL,4,'',NULL,1,'Asc',NULL,'left'),
 ('GrdLedgerType','typeName','string','Ledger Type',NULL,4,'',NULL,1,'Asc',NULL,'left'),
 ('GrdLedgerType','accountHead','string','Account Head',NULL,4,'',NULL,1,'Asc',NULL,'left')

INSERT INTO ModuleCatalog(ModuleId,ModuleName,IsActivated) 
        VALUES('Core','Core',1),
              ('Account','Account',1)
INSERT INTO ModuleMenu(MenuId,ModuleId,[Name],ParentId,Config)
        VALUES(1,'Core','Catalog',NULL,NULL),
        (2,'Core','Currency',1,'/catalog,CatCurrency'),
        (3,'Core','Country',1,'/catalog,CatCountry'),
        (4,'Core','State',1,'/catalog,CatState'),
        (5,'Core','City',1,'/catalog,CatCity'),
		(6,'Core','Product Category',1,'/catalog,ProductCategory'),
		(7,'Core','Ledger Type',1,'/catalog,LedgerType')